{
  "ee_start": [
    0.3069,
    0.0,
    0.5903
  ],
  "cam_world_pos": [
    0.3269,
    0.0,
    0.7403
  ],
  "cam_local_pos": [
    0.02,
    0.0,
    -0.15
  ],
  "cam_local_quat": [
    -0.15304591,
    0.69034548,
    0.69034557,
    -0.15304593
  ],
  "cam_tilt_deg": 65.0,
  "calib_err": {
    "pos": 2.5695524108471023e-09,
    "rot": 1.2309326113957297e-08
  },
  "selftest": {
    "obstacle_points": 41,
    "centroid_err_m": 0.018270667696355058
  },
  "torch": "2.12.0+cu126",
  "cuda": "NVIDIA GeForce RTX 3060 Laptop GPU"
}